{
  "Model": "Ensemble: Soft Voting",
  "Accuracy": 0.9393213190184049,
  "ROC_AUC": 0.9579155322994188,
  "PR_AUC": 0.8612479199805397,
  "F1": 0.7791346824842986,
  "y_proba": "[0.12625652 0.11944171 0.09893314 ... 0.08455766 0.42219302 0.16375018]"
}