{
  "Model": "Ensemble: Soft Voting",
  "Accuracy": 0.945504217791411,
  "ROC_AUC": 0.9574346377782047,
  "PR_AUC": 0.8674011450434855,
  "F1": 0.7956873315363882,
  "y_proba": "[0.11609098 0.10930255 0.08933696 ... 0.08377093 0.36532261 0.16000668]"
}