{
  "Model": "Ensemble: Soft Voting",
  "Accuracy": 0.9467503834355828,
  "ROC_AUC": 0.9579317317214799,
  "PR_AUC": 0.864873071967202,
  "F1": 0.7986954158362022,
  "y_proba": "[0.1074991  0.09947264 0.08260552 ... 0.07840607 0.36112799 0.15869442]"
}