{
  "Model": "Ensemble: Soft Voting",
  "Accuracy": 0.9577741564417178,
  "ROC_AUC": 0.9555786188938098,
  "PR_AUC": 0.8593043164748326,
  "F1": 0.8296926348347188,
  "y_proba": "[0.09477818 0.08904404 0.07432244 ... 0.05902678 0.2131276  0.14118188]"
}